Rank,Name,Platform,Year,Genre,Publisher,Sales_Asia,Sales_Europe,Sales_SouthAmerica,Sales_NorthAmerica,Sales_Australia
1179,Rocket League,PC,2016,Strategy,EA,9.76,2.3,4.46,3.63,4.96
1050,Battlefield V,Xbox,2004,Strategy,Square Enix,0.46,8.45,2.85,8.13,0.35
350,Minecraft,Mobile,2009,Sports,Sony,3.74,6.21,2.86,0.96,0.96
537,Mortal Kombat 11,PC,2005,RPG,Sony,6.25,7.57,1.05,6.54,3.44
552,Valorant,Switch,2011,RPG,Microsoft,5.55,7.86,9.71,0.27,5.96
669,Call of Duty Warzone,PC,2008,Sports,Nintendo,5.3,8.35,9.72,6.88,5.56
1211,Tekken 7,PS5,2001,Adventure,Square Enix,2.18,6.82,4.48,1.88,5.18
1510,BGMI,Mobile,2024,Sports,Microsoft,2.93,8.38,9.29,5.89,2.21
393,Fortnite,PC,2022,Sports,Square Enix,6.2,9.05,8.53,8.19,9.68
255,BGMI,PC,2002,Sports,Ubisoft,6.16,6.25,3.86,1.53,2.53
1949,Tekken 7,PC,2015,Adventure,Ubisoft,9.71,0.98,5.72,0.1,1.95
1358,Red Dead Redemption 2,PS4,2017,RPG,EA,4.02,5.31,5.35,1.14,9.25
1482,CS:GO,Mobile,2021,Puzzle,EA,2.84,6.49,1.56,5.01,9.66
1192,PUBG,PS5,2014,Puzzle,Microsoft,1.53,0.83,5.81,5.57,7.79
1992,Battlefield V,PS5,2000,RPG,Ubisoft,8.83,8.49,8.57,3.27,5.78
1038,FIFA 23,PC,2020,Adventure,EA,7.41,3.75,7.3,7.16,8.5
744,Far Cry 6,Switch,2019,Puzzle,Sony,7.88,0.65,5.52,4.93,3.26
450,Clash of Clans,PS5,2023,RPG,Ubisoft,2.54,4.09,9.3,2.51,1.16
1127,Battlefield 2042,Switch,2018,Strategy,Ubisoft,1.24,2.02,1.8,4.9,5.14
1393,NFS Heat,Switch,2008,Adventure,EA,9.64,2.26,7.93,8.65,4.45
1674,Among Us,PC,2006,Strategy,Nintendo,3.13,9.86,7.79,4.55,4.51
1802,Overwatch,Mobile,2020,Action,Square Enix,6.36,1.31,9.06,5.9,5.51
1205,NFS Heat,PS4,2017,Sports,Sony,5.88,5.95,3.63,5.2,3.7
1258,Clash of Clans,Switch,2022,Action,Nintendo,8.47,6.49,7.99,7.42,4.15
1216,Zelda BOTW,Mobile,2022,Strategy,Nintendo,9.17,1.22,1.26,5.29,4.58
1303,Call of Duty Warzone,Switch,2024,Puzzle,EA,8.58,6.54,3.63,3.25,7.26
1002,Dota 2,Xbox,2011,RPG,Sony,9.39,5.47,7.17,4.32,8.35
1215,Rocket League,Switch,2004,RPG,Nintendo,5.92,7.58,0.35,5.22,5.76
581,FIFA 22,PS4,2011,Action,Nintendo,1.38,8.24,8.57,3.68,1.57
1486,Apex Legends,Switch,2004,Action,EA,7.48,2.28,3.13,5.83,3.82
1581,Zelda BOTW,Xbox,2012,Sports,Nintendo,7.55,3.29,7.52,7.0,9.9
575,PUBG,Xbox,2006,Action,EA,1.5,9.2,4.85,2.5,3.04
969,PUBG,PS5,2002,Adventure,EA,2.75,8.15,0.99,9.17,4.31
718,Overwatch,Mobile,2000,RPG,Square Enix,6.48,4.9,4.68,7.47,3.53
1353,Halo Infinite,PC,2011,Sports,Square Enix,1.37,4.38,3.99,6.4,4.83
153,Cyberpunk 2077,PS4,2001,Adventure,EA,2.42,5.68,8.86,2.69,9.33
198,BGMI,PC,2004,Adventure,EA,1.47,8.9,4.6,9.18,9.04
1140,Far Cry 6,PS4,2001,Puzzle,EA,2.65,7.93,4.6,3.43,5.36
443,Far Cry 6,Mobile,2022,Puzzle,Nintendo,7.3,3.7,1.95,0.48,3.16
1851,Resident Evil 4,PC,2024,Action,Sony,9.29,4.15,6.18,3.47,6.27
1814,Valorant,PC,2006,Adventure,Sony,1.51,9.42,5.04,6.96,9.43
1471,Clash Royale,Xbox,2020,Adventure,Square Enix,5.56,5.35,9.07,8.94,8.59
981,God of War,Xbox,2001,Strategy,Nintendo,4.25,5.2,6.43,7.52,5.55
1348,League of Legends,PS5,2001,Strategy,Ubisoft,1.69,3.87,7.67,0.47,6.87
1836,FIFA 22,PC,2005,Adventure,Nintendo,4.2,9.19,8.6,3.52,5.43
926,CS:GO,PS4,2003,Action,Square Enix,7.63,3.97,5.35,5.57,1.39
1078,League of Legends,Xbox,2013,Adventure,Square Enix,7.82,8.38,7.99,6.32,3.07
331,Mario Kart,Mobile,2005,Puzzle,EA,7.29,6.92,1.15,8.87,9.94
225,Battlefield 2042,PS5,2000,Adventure,Square Enix,5.79,7.67,1.67,0.67,3.59
1630,Forza Horizon 5,PS5,2009,Puzzle,Sony,4.27,7.11,9.17,5.57,6.27
1567,Free Fire,PS5,2011,Sports,Microsoft,3.46,8.09,5.98,2.39,5.66
1029,Rocket League,Xbox,2014,Action,Microsoft,6.16,9.33,2.54,2.85,4.33
1509,Zelda BOTW,Switch,2011,Puzzle,Square Enix,8.81,7.44,1.13,2.38,2.46
1362,Far Cry 6,PC,2022,Action,EA,6.37,3.23,0.98,0.56,0.99
1068,Halo Infinite,PS5,2007,Puzzle,Ubisoft,9.47,9.47,5.92,5.43,0.91
1959,Apex Legends,PC,2007,Puzzle,Square Enix,2.25,7.27,0.29,4.38,4.17
1701,Valorant,PS4,2001,Sports,Ubisoft,1.29,5.9,4.57,6.37,3.55
584,Rocket League,Xbox,2018,Sports,Microsoft,4.98,1.63,7.4,6.46,9.07
1342,Clash of Clans,Switch,2022,Sports,Ubisoft,9.77,7.14,1.31,6.3,2.71
1285,Battlefield 2042,Xbox,2005,Action,Microsoft,7.54,0.59,0.67,9.4,3.29
636,GTA V,Switch,2012,Adventure,EA,9.35,4.04,7.03,1.12,9.99
1466,Free Fire,PS4,2006,Adventure,Sony,6.65,2.93,0.55,1.83,2.93
550,Free Fire,Switch,2005,RPG,EA,7.33,0.59,5.57,9.7,1.66
1834,Clash Royale,Mobile,2006,Puzzle,Ubisoft,8.64,0.45,7.11,9.12,7.07
1188,Battlefield V,PC,2014,Action,Square Enix,8.61,9.15,5.92,9.94,1.23
407,Clash of Clans,PS5,2011,Action,Ubisoft,4.65,6.12,8.1,2.96,6.61
1628,God of War,PS4,2011,Strategy,Nintendo,1.41,8.74,7.94,0.33,3.52
1208,Fortnite,PS4,2012,Puzzle,EA,9.5,6.65,1.26,3.8,7.67
1418,Assassin's Creed Valhalla,Xbox,2011,RPG,Ubisoft,1.91,3.18,7.45,5.91,1.08
356,Forza Horizon 5,PS5,2020,Sports,Sony,1.96,4.73,6.71,3.91,4.52
147,Apex Legends,PS4,2015,Strategy,Square Enix,4.1,7.62,3.86,7.0,5.03
974,Dream League Soccer,PC,2013,Sports,Sony,0.97,8.02,6.51,8.86,0.86
1520,Red Dead Redemption 2,Xbox,2019,Puzzle,Ubisoft,6.97,0.6,2.64,5.93,2.28
249,Dota 2,PS4,2019,Action,Ubisoft,1.65,2.62,3.78,1.2,1.67
1678,Clash Royale,Switch,2024,Puzzle,Nintendo,8.43,1.56,8.29,3.04,6.4
524,NFS Heat,PS5,2009,Strategy,Sony,7.43,0.94,5.76,9.15,4.25
756,Clash Royale,PS4,2017,Sports,Nintendo,9.82,0.61,9.16,0.66,1.49
722,Clash of Clans,Mobile,2020,Adventure,Ubisoft,8.75,4.81,6.87,2.9,2.12
1170,Assassin's Creed Valhalla,Switch,2019,Sports,Ubisoft,1.55,1.66,9.43,6.31,0.86
724,FIFA 23,PC,2022,Action,Sony,8.95,7.45,7.63,4.2,1.05
687,Dota 2,Switch,2016,RPG,Ubisoft,9.83,1.82,8.45,2.89,6.44
1359,PUBG,Xbox,2002,Sports,EA,2.69,5.42,3.77,6.8,6.6
1864,Rocket League,Switch,2022,Sports,Sony,5.99,0.32,9.71,7.94,0.39
1061,Battlefield V,PS5,2007,Sports,EA,3.34,4.56,7.98,0.3,3.01
1524,Tekken 7,Mobile,2016,Puzzle,EA,6.52,6.48,3.93,7.86,0.2
446,Call of Duty Mobile,Mobile,2024,Action,Square Enix,5.82,2.55,5.33,8.6,9.39
334,Free Fire,Mobile,2016,Sports,Ubisoft,3.28,4.45,1.07,3.22,1.09
1227,Minecraft,PC,2006,Action,Square Enix,3.72,7.33,8.16,9.45,8.83
1172,Free Fire,PS4,2012,Adventure,Microsoft,1.13,9.1,4.09,1.34,8.92
347,FIFA 23,Switch,2001,Action,Microsoft,9.83,8.14,0.91,8.06,4.74
803,Forza Horizon 5,Mobile,2014,RPG,Nintendo,3.0,8.88,1.33,0.48,9.36
1263,Elden Ring,Switch,2003,Puzzle,EA,6.74,9.66,1.89,0.15,8.95
1250,Minecraft,PS4,2016,Strategy,Ubisoft,5.4,7.75,6.79,8.96,5.11
816,God of War,PC,2019,Strategy,EA,0.5,7.4,7.8,6.58,1.7
788,Dota 2,PC,2012,Puzzle,Sony,2.4,6.74,1.49,4.96,3.83
1101,PUBG,PS4,2017,Strategy,Nintendo,0.72,2.27,9.89,2.79,1.99
905,FIFA 22,Xbox,2014,Strategy,Nintendo,9.09,1.12,4.42,4.59,4.59
1055,NFS Payback,Xbox,2001,Action,Ubisoft,5.99,9.4,1.59,7.87,2.6
1568,Clash of Clans,Xbox,2022,RPG,Microsoft,6.35,1.45,9.82,2.2,2.0
592,PUBG,Xbox,2017,RPG,Square Enix,6.09,6.52,2.1,3.41,1.85
1591,Forza Horizon 5,PC,2009,Adventure,Nintendo,1.92,2.38,5.12,0.47,0.77
295,Call of Duty Mobile,PC,2006,Action,Square Enix,4.35,2.81,7.89,2.2,6.4
1266,BGMI,Mobile,2014,Puzzle,Nintendo,5.48,7.34,2.31,9.36,2.34
1740,Call of Duty Mobile,PS4,2014,Action,Sony,4.48,1.31,9.32,5.53,2.67
1739,Elden Ring,Xbox,2007,Strategy,Nintendo,7.12,2.48,1.62,9.92,1.09
601,Watch Dogs 2,PS5,2021,Puzzle,Ubisoft,7.35,4.71,1.36,3.91,8.66
808,Clash of Clans,Switch,2015,Sports,Nintendo,1.16,2.51,9.37,7.75,9.66
805,Fortnite,PC,2005,Adventure,EA,1.03,5.6,5.63,9.3,9.78
1287,PUBG,PC,2001,Sports,Nintendo,9.86,3.46,3.08,6.41,7.26
1411,Fortnite,Xbox,2009,Adventure,Square Enix,6.18,5.8,5.95,9.73,9.4
872,Elden Ring,PS4,2003,Sports,EA,2.42,2.85,8.86,4.19,0.84
1338,Rocket League,Mobile,2009,Puzzle,Ubisoft,2.81,5.73,3.1,0.93,4.42
620,Apex Legends,PS5,2007,RPG,Sony,9.19,9.41,2.25,8.69,0.22
1191,God of War,Switch,2014,Strategy,Square Enix,6.56,0.85,7.63,7.18,7.16
128,Cyberpunk 2077,PS5,2002,Puzzle,EA,8.03,0.77,7.15,2.68,8.36
946,Elden Ring,PS4,2008,Action,Microsoft,1.19,1.76,1.7,1.6,7.68
1361,Battlefield V,Switch,2024,Action,Square Enix,6.16,5.71,8.72,6.56,6.22
1339,Rocket League,PC,2007,Puzzle,Microsoft,2.83,2.67,2.67,1.6,8.72
340,God of War,PS5,2002,RPG,Microsoft,2.73,4.78,0.53,5.28,8.13
627,Fortnite,PS5,2018,Sports,EA,9.37,8.73,2.73,8.23,5.7
1304,Cyberpunk 2077,Xbox,2018,Strategy,Ubisoft,2.7,3.46,4.46,8.99,1.52
1991,NFS Heat,Switch,2001,Strategy,Nintendo,8.07,4.02,6.66,8.54,7.44
544,Red Dead Redemption 2,PS5,2020,Strategy,Nintendo,6.46,6.44,0.45,3.66,8.52
980,Resident Evil 4,Switch,2013,Strategy,Square Enix,8.3,7.28,8.33,0.49,9.17
1107,Clash of Clans,PS5,2021,Adventure,Microsoft,8.68,4.33,5.64,4.43,1.45
587,Clash of Clans,PS4,2011,Sports,Square Enix,7.5,8.23,3.6,1.72,0.74
1742,Resident Evil 4,Switch,2002,Sports,Square Enix,6.58,9.16,5.1,2.34,1.13
754,FIFA 23,Switch,2005,Action,Microsoft,7.65,7.52,5.67,7.38,3.68
1663,Free Fire,Mobile,2023,Strategy,Ubisoft,9.3,4.65,1.14,5.08,9.87
871,Apex Legends,Switch,2004,Puzzle,EA,2.71,1.84,0.35,8.12,7.92
740,Dream League Soccer,Xbox,2013,Action,EA,3.99,6.74,4.12,6.62,0.95
989,Apex Legends,PS5,2023,Adventure,Nintendo,1.12,5.93,2.99,8.46,3.05
342,Fortnite,Switch,2001,RPG,EA,2.22,3.38,8.12,4.44,1.82
1235,Zelda BOTW,Mobile,2001,Adventure,Microsoft,5.97,6.66,1.77,6.5,3.98
1564,God of War,Mobile,2020,Adventure,Nintendo,9.07,9.14,0.84,2.31,4.18
1151,Tekken 7,Switch,2000,Puzzle,Sony,0.74,3.15,5.74,8.64,1.1
1652,BGMI,Mobile,2015,Action,Microsoft,1.88,9.64,0.85,2.73,9.45
1066,Mortal Kombat 11,PS5,2014,RPG,EA,1.94,9.72,5.91,5.41,7.62
314,FIFA 22,PC,2002,Puzzle,Sony,9.55,6.45,9.99,3.31,6.1
1783,Free Fire,Xbox,2013,RPG,Nintendo,3.8,0.86,1.18,9.72,7.23
1434,God of War,PC,2014,RPG,EA,5.48,8.08,8.43,0.3,3.67
242,Battlefield 2042,PS4,2022,Puzzle,Nintendo,0.22,5.23,3.83,2.06,9.82
1202,PUBG,Mobile,2020,RPG,EA,9.21,2.1,2.97,2.43,8.36
795,Far Cry 6,PS5,2004,RPG,EA,3.25,4.15,6.51,8.46,2.14
1183,Call of Duty Mobile,PS5,2013,Adventure,Sony,0.55,1.13,8.03,2.81,2.59
1767,GTA V,Mobile,2022,Action,Microsoft,9.38,5.86,0.31,9.48,1.34
976,BGMI,Switch,2008,Action,Sony,7.02,7.16,5.73,8.78,6.0
1396,PUBG,Xbox,2003,Action,EA,9.81,9.54,0.52,1.92,9.25
129,Among Us,PS5,2005,Strategy,EA,7.53,8.14,3.27,9.88,5.26
465,Valorant,Switch,2012,Puzzle,Microsoft,7.3,7.32,0.62,4.5,9.32
205,Far Cry 6,PC,2018,Action,Square Enix,4.96,9.07,5.44,2.07,9.73
1016,Call of Duty Warzone,Xbox,2018,Sports,EA,1.69,8.39,5.69,7.49,5.21
1143,Watch Dogs 2,PC,2008,Sports,Square Enix,0.95,2.42,5.52,5.21,5.26
1609,Minecraft,PS4,2000,Puzzle,EA,9.23,4.44,5.76,1.54,3.68
262,Watch Dogs 2,Mobile,2022,Strategy,EA,7.77,3.04,9.31,2.18,9.7
1499,God of War,Switch,2009,Adventure,Ubisoft,1.66,2.23,4.93,8.95,9.53
132,Clash Royale,Xbox,2022,Strategy,Square Enix,9.34,4.0,7.88,3.15,8.31
415,Clash of Clans,Switch,2018,RPG,Square Enix,8.31,0.25,6.73,5.56,2.03
276,Halo Infinite,PS4,2003,Action,Nintendo,8.45,7.63,7.3,8.76,5.28
296,Battlefield 2042,Xbox,2004,Strategy,Sony,8.48,3.18,3.71,5.18,3.73
1450,Resident Evil 4,PS5,2013,Strategy,Microsoft,5.49,9.75,1.49,3.19,1.11
504,Elden Ring,PS4,2008,RPG,Nintendo,7.11,8.05,6.41,8.96,3.82
1848,Minecraft,PS5,2005,Strategy,Nintendo,9.42,2.22,5.69,4.87,9.56
895,Mortal Kombat 11,PC,2004,Puzzle,Sony,0.51,4.09,8.6,4.75,4.73
677,Clash Royale,PS4,2015,Strategy,EA,0.61,7.57,8.68,7.97,8.01
767,Watch Dogs 2,PS5,2020,Action,EA,5.95,8.29,9.5,8.92,9.72
1556,Battlefield 2042,Switch,2013,Adventure,Nintendo,3.77,4.89,6.35,1.69,0.92
1137,FIFA 23,PS5,2005,Sports,Sony,8.08,8.07,3.37,7.63,1.87
1911,Mortal Kombat 11,PS4,2009,Puzzle,EA,4.71,6.9,4.85,4.0,3.93
444,Clash of Clans,Mobile,2008,Sports,Square Enix,5.53,4.1,0.39,9.14,1.1
935,Rocket League,PS4,2022,RPG,Ubisoft,1.27,5.92,6.11,5.7,4.84
921,Battlefield V,PS5,2009,Adventure,Microsoft,2.05,2.67,2.44,6.34,5.93
383,Resident Evil 4,Xbox,2014,Action,Microsoft,3.32,4.14,9.59,2.08,5.72
479,NFS Heat,Mobile,2015,Strategy,Microsoft,5.09,8.64,0.59,1.72,6.7
430,Resident Evil 4,PS4,2020,RPG,EA,2.34,1.44,9.04,5.61,3.13
1900,PUBG,Mobile,2024,Adventure,Microsoft,4.1,9.05,0.76,3.16,3.99
1089,Watch Dogs 2,PS4,2024,Sports,Ubisoft,5.95,6.62,6.27,0.98,9.99
509,Watch Dogs 2,Mobile,2018,Sports,Nintendo,9.89,3.74,3.76,2.99,6.1
1246,Dream League Soccer,Mobile,2001,RPG,Square Enix,2.72,8.36,4.97,9.28,7.57
358,God of War,PS4,2002,RPG,Sony,2.46,4.78,8.01,9.67,8.33
1424,Forza Horizon 5,PS4,2010,RPG,Sony,8.87,9.09,4.9,2.95,7.55
1009,PUBG,PS5,2021,Action,Nintendo,5.54,5.35,5.25,2.66,7.17
1113,Elden Ring,Switch,2022,RPG,Ubisoft,7.32,1.36,5.13,2.62,4.92
855,PUBG,Mobile,2006,Puzzle,Square Enix,9.34,9.37,6.36,9.89,8.58
183,Watch Dogs 2,PS4,2003,Action,Microsoft,4.66,3.01,4.41,4.96,9.36
113,Watch Dogs 2,PC,2022,Sports,Square Enix,9.54,3.25,3.36,7.41,1.72
1866,Minecraft,PS4,2001,Action,Nintendo,3.65,9.0,0.25,5.05,7.42
100,Watch Dogs 2,Switch,2019,Adventure,Nintendo,1.74,1.65,7.58,0.13,0.86
1557,CS:GO,Mobile,2006,RPG,Nintendo,3.95,6.15,2.45,4.88,6.94
1694,Overwatch,PS4,2003,Strategy,Microsoft,8.52,9.05,6.86,2.52,2.69
664,Minecraft,Xbox,2004,RPG,Square Enix,1.25,6.77,7.96,2.26,2.46
123,Red Dead Redemption 2,PC,2021,Puzzle,Ubisoft,8.19,0.49,7.29,3.69,9.1
1975,Mario Kart,PC,2019,Strategy,Microsoft,5.13,4.48,8.66,0.68,8.38
768,Call of Duty Mobile,Mobile,2020,RPG,Nintendo,8.5,9.88,7.9,8.92,7.7
1206,Apex Legends,PC,2000,Action,Ubisoft,6.1,1.16,4.12,2.13,8.44
1746,Call of Duty Warzone,Xbox,2021,Action,Ubisoft,7.12,9.09,7.41,7.07,4.47
833,Among Us,PS5,2008,Strategy,Square Enix,1.24,5.74,5.55,4.62,5.11
159,Among Us,Mobile,2004,Puzzle,Square Enix,4.32,7.9,5.95,0.99,1.42
1597,Fortnite,Mobile,2020,Puzzle,Nintendo,4.06,7.07,5.95,6.85,8.02
545,Fortnite,Mobile,2015,Action,EA,9.77,2.72,1.9,3.67,1.07
1689,Assassin's Creed Valhalla,PS5,2006,Adventure,EA,2.82,5.61,6.99,3.48,5.86
1963,Watch Dogs 2,Xbox,2011,Sports,EA,2.93,5.52,1.37,8.54,3.16
1904,Cyberpunk 2077,Mobile,2013,Puzzle,Square Enix,2.65,6.82,5.19,0.82,9.87
663,Halo Infinite,Switch,2012,Strategy,Nintendo,8.82,5.52,5.72,2.1,3.7
1283,Watch Dogs 2,Switch,2004,Action,Sony,9.54,7.64,8.89,9.38,6.88
733,NFS Payback,Switch,2009,Adventure,Sony,2.84,9.36,4.05,6.15,2.59
1984,PUBG,PS4,2022,Puzzle,Nintendo,9.17,9.88,3.42,9.14,6.81
1883,Among Us,Switch,2023,Strategy,Ubisoft,8.4,4.19,8.01,6.95,9.51
1671,Far Cry 6,PC,2002,Adventure,Ubisoft,5.85,2.69,4.67,4.14,9.82
579,Call of Duty Warzone,PC,2009,RPG,Ubisoft,0.62,9.79,7.25,0.78,1.49
267,PUBG,Xbox,2004,Strategy,Microsoft,6.02,6.55,6.89,1.31,9.91
582,Call of Duty Warzone,PC,2020,Action,Microsoft,0.14,6.55,8.22,0.4,0.74
1445,Dota 2,PS4,2002,Action,Square Enix,3.94,6.69,1.96,3.68,3.13
1704,FIFA 23,Switch,2004,Action,Ubisoft,1.4,5.17,2.41,3.27,9.77
1843,Mortal Kombat 11,PC,2018,Puzzle,EA,8.61,5.66,4.6,2.94,7.4
923,Call of Duty Warzone,PS4,2016,RPG,EA,0.38,0.49,6.88,2.85,3.66
1561,PUBG,Switch,2004,Action,EA,9.53,2.26,6.07,6.84,6.85
277,Among Us,PC,2000,Sports,Sony,6.11,3.64,1.89,2.43,5.74
1120,Mario Kart,PS4,2011,Adventure,Sony,5.71,2.5,8.16,8.85,1.14
1195,Resident Evil 4,Switch,2005,RPG,Square Enix,6.17,5.95,7.63,3.67,5.15
1773,Cyberpunk 2077,PS4,2019,RPG,Microsoft,8.81,4.86,2.53,1.87,8.65
802,Rocket League,Mobile,2017,Strategy,Sony,0.7,1.41,9.12,8.02,2.6
1542,BGMI,Switch,2003,Adventure,Microsoft,7.13,6.0,1.16,5.82,7.53
284,Tekken 7,PC,2021,Adventure,Sony,8.11,3.72,8.99,1.98,0.44
1354,Fortnite,PS4,2013,Strategy,EA,7.98,7.96,2.56,2.93,9.29
1543,Assassin's Creed Valhalla,Switch,2012,Strategy,EA,5.48,8.19,0.57,3.75,6.37
565,Zelda BOTW,PS4,2006,Puzzle,Nintendo,5.09,5.21,0.55,5.88,9.0
193,Dream League Soccer,Switch,2011,RPG,Sony,7.7,5.4,9.13,4.71,3.86
1699,Watch Dogs 2,PS5,2008,Action,Microsoft,0.57,2.13,4.68,2.59,0.19
865,Zelda BOTW,Xbox,2014,RPG,Microsoft,9.99,0.25,2.44,2.63,7.94
144,Elden Ring,PC,2020,Action,Nintendo,7.94,2.38,5.42,8.03,0.66
652,Red Dead Redemption 2,Mobile,2008,Action,Ubisoft,4.93,5.01,4.11,3.79,0.5
761,Forza Horizon 5,Mobile,2020,Puzzle,Square Enix,4.4,7.32,0.77,9.69,8.88
881,Battlefield V,Xbox,2009,RPG,Microsoft,3.69,9.84,6.56,3.15,6.57
1198,Valorant,PS4,2000,Action,Microsoft,6.25,8.99,5.24,6.36,6.91
1193,League of Legends,Mobile,2019,Puzzle,Sony,2.81,3.53,1.71,6.8,0.29
232,Rocket League,PS4,2003,RPG,Sony,9.86,9.41,3.87,4.7,6.97
377,Clash of Clans,Mobile,2011,Action,Ubisoft,0.5,5.66,9.81,0.18,8.43
1751,Call of Duty Mobile,PS4,2006,RPG,Sony,3.47,9.66,7.47,0.29,2.64
1723,NFS Heat,PS5,2009,Puzzle,Microsoft,3.8,2.45,1.11,3.15,5.33
341,Tekken 7,PS5,2002,RPG,EA,6.65,1.57,3.3,1.02,5.41
532,Resident Evil 4,Mobile,2014,Sports,Square Enix,7.05,5.28,1.49,8.07,6.99
489,FIFA 23,PS5,2005,Adventure,Nintendo,2.53,0.94,0.26,9.81,9.41
1748,Watch Dogs 2,Switch,2012,RPG,Microsoft,9.54,9.05,0.83,5.98,7.59
1937,Rocket League,Switch,2012,Strategy,Microsoft,9.09,4.3,7.99,7.0,3.08
1118,Mario Kart,Xbox,2016,RPG,Nintendo,2.74,3.87,1.53,4.78,4.91
1446,Mario Kart,PS4,2005,Action,Square Enix,8.43,8.56,4.04,9.56,3.53
213,Tekken 7,PC,2006,Action,Nintendo,4.18,2.18,2.17,9.2,1.38
556,GTA V,PS4,2008,Sports,Ubisoft,4.55,8.0,9.86,6.15,0.34
1168,GTA V,PS4,2006,Sports,Ubisoft,8.02,3.08,6.87,7.53,9.56
1407,Call of Duty Warzone,Mobile,2013,Puzzle,Nintendo,8.83,9.03,6.47,0.47,3.41
349,Watch Dogs 2,Switch,2009,Puzzle,EA,4.55,7.17,7.0,4.76,6.5
1986,Dream League Soccer,PS5,2008,RPG,Nintendo,0.88,4.08,4.06,8.16,3.94
1000,Valorant,Xbox,2008,Adventure,Microsoft,5.4,4.33,0.79,3.03,0.41
1114,GTA V,PC,2004,Strategy,Nintendo,8.54,4.74,9.58,7.67,8.25
1275,BGMI,PC,2015,RPG,Microsoft,6.23,6.38,8.46,4.68,2.84
1365,Overwatch,PS5,2021,Action,Sony,1.11,4.76,7.38,8.22,9.36
799,Cyberpunk 2077,Switch,2015,Sports,Ubisoft,2.28,3.42,6.59,5.79,3.83
1967,Assassin's Creed Valhalla,PS5,2019,Sports,Sony,0.21,1.47,0.41,9.62,1.58
690,Far Cry 6,Mobile,2009,RPG,EA,9.34,3.05,1.68,1.2,7.96
1064,Forza Horizon 5,Xbox,2010,Action,Nintendo,0.22,4.89,6.86,8.5,2.69
1380,Clash of Clans,Xbox,2000,Action,Nintendo,5.1,0.61,4.79,6.69,9.87
282,Mario Kart,Xbox,2012,Adventure,EA,8.22,6.28,8.21,6.87,8.52
1860,Halo Infinite,Mobile,2010,Action,Ubisoft,7.41,4.84,9.38,5.99,9.55
771,Call of Duty Mobile,Mobile,2004,Sports,Square Enix,1.22,8.16,8.51,7.65,6.16
1925,Tekken 7,Mobile,2007,RPG,Sony,5.9,6.05,6.72,6.3,1.93
903,PUBG,Xbox,2013,Strategy,Ubisoft,4.67,5.97,3.85,6.53,2.04
1762,Among Us,Switch,2007,RPG,Square Enix,9.15,3.12,0.52,3.72,5.38
1616,Clash of Clans,PS4,2005,Strategy,Square Enix,1.67,3.47,4.59,1.77,4.32
638,Overwatch,PS5,2001,RPG,Sony,7.73,3.25,3.55,0.39,1.32
1314,Watch Dogs 2,Switch,2013,Sports,EA,1.58,6.03,6.71,0.89,0.19
1399,FIFA 23,PS4,2008,RPG,Ubisoft,7.77,6.9,1.16,0.53,8.39
562,League of Legends,PC,2024,Adventure,Sony,6.59,4.37,8.28,1.17,5.52
1469,God of War,PS4,2019,Sports,Nintendo,1.58,6.08,2.16,7.51,8.47
344,Clash of Clans,PS4,2019,Action,Ubisoft,8.57,5.11,2.67,7.57,4.52
402,CS:GO,Mobile,2005,Adventure,Ubisoft,1.06,9.1,4.9,0.8,8.72
1083,Battlefield V,Mobile,2007,Adventure,Ubisoft,2.44,9.88,5.62,7.06,8.77
1297,Forza Horizon 5,Mobile,2024,Puzzle,Sony,7.15,6.65,6.78,0.5,4.59
1121,Zelda BOTW,Mobile,2001,Adventure,EA,7.68,8.09,1.26,5.28,8.71
1451,Overwatch,Xbox,2006,Sports,Nintendo,3.54,0.72,0.71,2.24,2.91
568,GTA V,Switch,2023,Strategy,Microsoft,6.91,3.56,3.96,1.76,2.96
600,Dota 2,PS4,2012,Strategy,Microsoft,7.09,2.08,9.6,5.73,9.8
1155,FIFA 22,Xbox,2015,Puzzle,Nintendo,3.36,8.08,0.76,7.23,8.43
482,Dream League Soccer,PS4,2005,Strategy,Microsoft,0.17,5.97,0.87,5.14,7.06
826,FIFA 23,PC,2023,Action,Microsoft,2.25,7.14,1.09,5.98,2.13
118,Clash of Clans,PS4,2013,Strategy,Nintendo,0.17,9.04,2.93,5.86,0.74
1436,Fortnite,Mobile,2008,Strategy,EA,9.25,8.48,1.12,3.26,6.25
329,Valorant,PS5,2002,Puzzle,EA,3.15,8.81,1.2,4.25,4.31
723,Free Fire,Switch,2000,Strategy,Microsoft,9.87,6.17,2.27,8.73,1.59
1199,Halo Infinite,Mobile,2018,Puzzle,Square Enix,8.92,9.77,8.17,3.41,1.94
1255,Battlefield 2042,Mobile,2006,Puzzle,Microsoft,3.37,3.59,9.68,6.67,9.31
1135,Call of Duty Mobile,Mobile,2023,Adventure,Nintendo,4.38,7.36,7.03,2.78,4.77
1947,FIFA 22,Switch,2014,Strategy,EA,7.04,7.79,0.67,9.99,1.8
1683,Mario Kart,Xbox,2021,Puzzle,Nintendo,6.23,9.46,3.07,6.77,7.38
190,League of Legends,Switch,2015,Adventure,Ubisoft,0.74,1.76,5.46,6.06,8.21
1895,League of Legends,Mobile,2020,Adventure,Microsoft,4.68,3.08,4.64,1.08,1.47
506,Dota 2,PC,2014,Adventure,Sony,9.63,8.21,0.28,9.53,6.15
414,Zelda BOTW,PC,2007,Action,Nintendo,1.93,9.85,1.85,8.07,8.61
848,FIFA 23,PS5,2016,Adventure,Ubisoft,9.53,8.85,9.2,5.6,9.75
362,Resident Evil 4,Mobile,2014,Puzzle,Square Enix,5.91,8.0,7.98,9.74,3.29
1252,Far Cry 6,Mobile,2011,Action,Square Enix,2.27,7.08,7.81,0.23,4.69
840,Battlefield V,Xbox,2000,Puzzle,Square Enix,8.25,0.88,2.9,3.63,5.05
993,Red Dead Redemption 2,PS5,2010,Action,Nintendo,9.15,9.83,0.58,8.67,6.37
609,Assassin's Creed Valhalla,PS4,2013,Action,Microsoft,5.53,3.7,1.76,3.49,2.3
1518,Halo Infinite,Xbox,2014,RPG,Nintendo,2.21,3.64,9.83,4.38,2.85
1315,Minecraft,Mobile,2020,RPG,Nintendo,2.86,0.69,1.08,6.91,7.52
1282,Watch Dogs 2,PC,2014,RPG,EA,4.81,4.98,9.01,3.75,5.56
1712,Call of Duty Mobile,Mobile,2023,RPG,Microsoft,6.9,1.32,3.73,8.76,3.25
1507,NFS Payback,Switch,2001,Puzzle,Square Enix,4.15,7.73,8.58,3.87,4.13
471,Call of Duty Warzone,PS5,2014,Strategy,Ubisoft,2.87,4.02,8.47,9.67,5.06
1340,Cyberpunk 2077,Mobile,2001,Action,Microsoft,3.65,3.49,6.4,8.88,4.31
1501,Elden Ring,Switch,2011,Sports,Nintendo,8.55,3.97,2.29,7.07,7.04
1391,GTA V,PS5,2001,Strategy,Square Enix,9.85,5.3,4.66,8.82,9.02
154,Valorant,Mobile,2021,Action,Microsoft,4.93,3.32,0.91,5.91,5.9
304,Cyberpunk 2077,Mobile,2005,RPG,Microsoft,3.29,2.86,9.56,5.54,3.54
1175,NFS Heat,PS4,2016,Puzzle,Nintendo,4.24,9.13,5.91,5.96,9.26
649,PUBG,Xbox,2009,Adventure,Ubisoft,6.41,3.35,8.07,2.45,8.58
1833,Elden Ring,PC,2024,RPG,Square Enix,7.37,9.51,2.87,1.76,7.31
195,Far Cry 6,PC,2015,RPG,Sony,0.91,6.07,1.54,3.42,0.93
526,Resident Evil 4,Xbox,2012,Action,Microsoft,0.58,8.45,5.82,3.93,5.44
1093,Minecraft,PS5,2009,Action,Sony,9.86,8.01,2.12,5.41,2.21
181,Watch Dogs 2,Switch,2013,Adventure,Square Enix,3.21,0.42,8.0,6.24,9.66
496,Red Dead Redemption 2,Switch,2015,RPG,Microsoft,4.52,3.32,9.58,7.18,1.78
1435,FIFA 23,PC,2020,Strategy,Microsoft,9.23,4.62,1.02,0.6,1.14
1508,Call of Duty Mobile,PS4,2010,Sports,Nintendo,1.64,0.43,8.05,4.06,5.19
1789,League of Legends,Xbox,2017,RPG,Microsoft,1.73,0.15,1.87,3.12,2.61
769,Call of Duty Mobile,Switch,2020,RPG,Sony,2.37,7.29,7.14,6.38,6.61
931,PUBG,PC,2017,RPG,Ubisoft,9.46,0.7,6.59,7.09,2.6
1439,Clash of Clans,Mobile,2019,Strategy,Square Enix,3.77,0.68,0.61,1.12,4.36
1798,Tekken 7,Mobile,2002,Puzzle,Sony,1.46,3.17,1.76,5.48,1.46
770,Dream League Soccer,PS4,2004,Adventure,Sony,3.33,9.9,2.87,3.16,1.72
1218,FIFA 22,PS4,2006,Adventure,Square Enix,8.85,6.34,6.21,8.97,6.06
233,Among Us,PC,2005,Action,Ubisoft,7.6,8.66,0.72,8.38,6.69
1273,Mortal Kombat 11,Switch,2002,Adventure,EA,0.47,3.15,9.08,0.29,7.67
1204,FIFA 22,PS4,2014,Puzzle,Sony,5.88,0.78,2.39,6.44,5.39
1490,Battlefield 2042,Switch,2014,RPG,Sony,4.01,7.36,3.35,6.99,1.43
197,FIFA 22,Switch,2010,Puzzle,Sony,6.38,9.01,9.19,9.28,4.5
1602,Forza Horizon 5,Mobile,2014,Puzzle,EA,1.9,4.78,5.62,8.09,8.97
1326,Far Cry 6,PS4,2014,Action,Square Enix,4.49,5.71,5.17,4.41,7.04
187,Among Us,PS4,2015,Puzzle,EA,4.24,0.86,1.04,2.58,8.3
1225,Elden Ring,Switch,2000,Sports,Ubisoft,1.06,1.91,1.34,1.09,9.37
1251,Mario Kart,PS5,2002,Action,Microsoft,7.81,3.44,9.37,4.74,4.32
1312,Battlefield 2042,PS5,2008,Puzzle,EA,4.9,6.16,2.61,7.83,4.25
1454,Zelda BOTW,Mobile,2015,Puzzle,Nintendo,5.5,4.96,2.79,3.0,3.73
513,PUBG,Mobile,2012,Strategy,Sony,9.38,9.17,6.27,6.88,2.49
714,Dota 2,Switch,2016,Strategy,Nintendo,4.17,7.72,8.69,5.28,0.3
730,FIFA 22,PS5,2015,RPG,EA,2.58,7.61,0.47,0.52,9.69
164,Halo Infinite,Mobile,2016,RPG,Ubisoft,2.38,5.66,5.52,4.69,3.82
1023,Overwatch,Xbox,2012,RPG,Square Enix,6.59,2.88,3.7,3.73,9.27
1655,Dota 2,PC,2015,Strategy,Ubisoft,2.09,8.77,8.74,1.21,5.66
